{"options":{"validator":{"$jsonSchema":{"bsonType":"object","required":["name","age","status","country_code","username","password"],"properties":{"name":{"bsonType":"string"},"age":{"bsonType":"int"},"status":{"bsonType":"bool"},"country_code":{"bsonType":"object"},"username":{"bsonType":"string"},"password":{"bsonType":"string"}}}}},"indexes":[{"v":{"$numberInt":"2"},"key":{"_id":{"$numberInt":"1"}},"name":"_id_"}],"uuid":"d3dcdd152eff4a6083ca83a8b2f631bb","collectionName":"users","type":"collection"}